Nome do motorista,Telefone,E-mail,Data/Hora,ID de viagem,Tipo,Valor Valor,Valor Cancelamento,Valor Complemento De Preco Minimo,Promocao Acelerador De Ganhos,Despesas Cobranca De Inscricao Do Motorista Parceiro,Transferencias Dinheiro Recebido,Total
"Jose Maria Ferreira","","josemaria22staedwiges@gmail.com","Segunda-feira, 28 de Junho de 2021 às 12:09","e009c899-72c9-45a7-ae69-fdbaa6ebed7d","UberX","R$ 5,00","","","R$ 0,75","","","R$ 5,75"
"Jose Maria Ferreira","","josemaria22staedwiges@gmail.com","Segunda-feira, 28 de Junho de 2021 às 13:17","c7473094-da5c-420a-9c26-416cddd53987","UberX","R$ 5,00","","","R$ 0,75","","-R$ 6,76","R$ 5,75"
"Jose Maria Ferreira","","josemaria22staedwiges@gmail.com","Quarta-feira, 30 de Junho de 2021 às 06:30","7eb40090-8fbc-40d1-b8ec-86da615f3206","UberX","R$ 15,70","","","R$ 1,96","","","R$ 17,66"
"Jose Maria Ferreira","","josemaria22staedwiges@gmail.com","Segunda-feira, 28 de Junho de 2021 às 16:44","6fd54807-6e3c-44ec-84e1-4bed3ba13962","UberX","","R$ 3,67","","","","","R$ 3,67"
"Jose Maria Ferreira","","josemaria22staedwiges@gmail.com","Quinta-feira, 1 de Julho de 2021 às 16:06","da43a205-8bf2-42bc-a475-be1287828218","UberX","","R$ 3,67","","","","","R$ 3,67"
"Jose Maria Ferreira","","josemaria22staedwiges@gmail.com","Segunda-feira, 28 de Junho de 2021 às 08:49","377b3201-128d-4a89-a3c1-ed4dafc51228","UberX","R$ 5,43","","","R$ 0,81","","-R$ 7,54","R$ 6,24"
"Jose Maria Ferreira","","josemaria22staedwiges@gmail.com","Terça-feira, 29 de Junho de 2021 às 12:40","86722c0c-a35c-48a1-9b4b-b80b7a28129a","UberX","R$ 6,69","","","R$ 1,00","","-R$ 8,94","R$ 7,69"
"Jose Maria Ferreira","","josemaria22staedwiges@gmail.com","Quinta-feira, 1 de Julho de 2021 às 12:17","61ac63da-5c0b-44a2-b949-a8ada411d929","UberX","R$ 8,48","","","R$ 1,27","","-R$ 8,91","R$ 9,75"
"Jose Maria Ferreira","","josemaria22staedwiges@gmail.com","Segunda-feira, 28 de Junho de 2021 às 10:36","aea6a0b2-5718-4e67-9b65-f46e684e123a","UberX","R$ 5,00","","","R$ 0,75","","-R$ 7,54","R$ 5,75"
"Jose Maria Ferreira","","josemaria22staedwiges@gmail.com","Segunda-feira, 28 de Junho de 2021 às 17:14","b4c22fcc-5935-4b8b-a197-6aceefd6c13e","UberX","R$ 5,47","","","R$ 0,82","","","R$ 6,29"
"Jose Maria Ferreira","","josemaria22staedwiges@gmail.com","Terça-feira, 29 de Junho de 2021 às 14:54","623fc5db-550e-4038-921c-b437866687e1","UberX","R$ 5,08","","","R$ 0,76","","-R$ 6,97","R$ 5,84"
"Jose Maria Ferreira","","josemaria22staedwiges@gmail.com","Segunda-feira, 28 de Junho de 2021 às 09:33","9e5e1515-e712-4294-9f66-c414605dd3d4","UberX","","R$ 3,67","","","","","R$ 3,67"
"Jose Maria Ferreira","","josemaria22staedwiges@gmail.com","Segunda-feira, 28 de Junho de 2021 às 13:30","f783c36c-ca73-4d26-a58c-153bbea66bf9","UberX","R$ 14,15","","","R$ 2,12","","","R$ 16,27"
"Jose Maria Ferreira","","josemaria22staedwiges@gmail.com","Terça-feira, 29 de Junho de 2021 às 14:13","61386fb3-d5b4-4f42-857f-42d53405e062","UberX","R$ 5,00","","","R$ 0,75","","-R$ 7,00","R$ 5,75"
"Jose Maria Ferreira","","josemaria22staedwiges@gmail.com","Quinta-feira, 1 de Julho de 2021 às 11:58","2775a2da-891a-4874-a198-340df5668069","UberX","R$ 5,77","","","R$ 0,87","","-R$ 8,94","R$ 6,64"
"Jose Maria Ferreira","","josemaria22staedwiges@gmail.com","Segunda-feira, 28 de Junho de 2021 às 14:49","f9931165-7287-44ac-8639-3324f733be6b","UberX","R$ 19,62","","","R$ 2,94","","-R$ 23,99","R$ 22,56"
"Jose Maria Ferreira","","josemaria22staedwiges@gmail.com","Segunda-feira, 28 de Junho de 2021 às 10:27","2e1e8b35-ceb6-4ec6-9ecf-24b30713db3a","UberX","R$ 5,00","","","R$ 0,75","","-R$ 5,99","R$ 5,75"
"Jose Maria Ferreira","","josemaria22staedwiges@gmail.com","Segunda-feira, 28 de Junho de 2021 às 13:08","77ccf6d3-ecce-4bbb-9425-9df779b0a266","UberX","R$ 5,00","","","R$ 0,75","","-R$ 7,49","R$ 5,75"
"Jose Maria Ferreira","","josemaria22staedwiges@gmail.com","Quarta-feira, 30 de Junho de 2021 às 06:54","df9bc715-9eca-47a6-bbd2-a766ff50ab24","UberX","R$ 10,68","","","R$ 1,14","","","R$ 11,82"
"Jose Maria Ferreira","","josemaria22staedwiges@gmail.com","Segunda-feira, 28 de Junho de 2021 às 12:40","9f4392a1-fdeb-4fb6-aac0-ccc4e4bcbee5","UberX","R$ 5,00","","","R$ 0,75","","-R$ 7,00","R$ 5,75"
"Jose Maria Ferreira","","josemaria22staedwiges@gmail.com","Quarta-feira, 30 de Junho de 2021 às 16:14","ea979b48-f75e-4aea-9b1d-422ca555267e","UberX","R$ 7,02","","","R$ 1,05","","","R$ 8,07"
"Jose Maria Ferreira","","josemaria22staedwiges@gmail.com","Segunda-feira, 28 de Junho de 2021 às 08:56","02c6be89-11e6-49b3-b694-2ecb2e867b30","UberX","R$ 8,23","","","R$ 1,23","","-R$ 8,96","R$ 9,46"
"Jose Maria Ferreira","","josemaria22staedwiges@gmail.com","Segunda-feira, 28 de Junho de 2021 às 14:01","57385533-ff5a-4be2-93ea-8b66d4a1d6fb","UberX","R$ 14,02","","","R$ 2,10","","","R$ 16,12"
"Jose Maria Ferreira","","josemaria22staedwiges@gmail.com","Quarta-feira, 30 de Junho de 2021 às 08:08","2606bd39-dc11-40a1-a8de-dba76fbf2c0a","UberX","R$ 5,00","","","R$ 0,75","","","R$ 5,75"
"Jose Maria Ferreira","","josemaria22staedwiges@gmail.com","Segunda-feira, 28 de Junho de 2021 às 10:58","b87a126f-e689-4f4e-9074-f882bf7815f2","UberX","R$ 5,10","","","R$ 0,77","","","R$ 5,87"
"Jose Maria Ferreira","","josemaria22staedwiges@gmail.com","Segunda-feira, 28 de Junho de 2021 às 07:58","107de82b-1a63-4181-9ce8-654a4947e5e1","UberX","R$ 5,01","","","R$ 0,75","","","R$ 5,76"
"Jose Maria Ferreira","","josemaria22staedwiges@gmail.com","Segunda-feira, 28 de Junho de 2021 às 13:25","b38367ee-e2eb-466c-a245-753dc24e87da","UberX","","R$ 3,67","","","","","R$ 3,67"
"Jose Maria Ferreira","","josemaria22staedwiges@gmail.com","Terça-feira, 29 de Junho de 2021 às 12:09","e12fa12d-f89b-4ffc-af9b-371dce745c9f","UberX","R$ 5,00","","","R$ 0,75","","","R$ 5,75"
"Jose Maria Ferreira","","josemaria22staedwiges@gmail.com","Terça-feira, 29 de Junho de 2021 às 12:29","4d471ebf-5b58-49d1-b131-69644a6d7784","UberX","R$ 5,01","","","R$ 0,75","","","R$ 5,76"
"Jose Maria Ferreira","","josemaria22staedwiges@gmail.com","Quarta-feira, 30 de Junho de 2021 às 09:42","358b0f46-ea9e-4c5b-8c14-05b9eb106a2f","UberX","R$ 5,00","","","R$ 0,75","","","R$ 5,75"
"Jose Maria Ferreira","","josemaria22staedwiges@gmail.com","Segunda-feira, 28 de Junho de 2021 às 12:47","3c17fd23-1865-4fa5-82f0-5ee7ff7f43f5","UberX","R$ 4,69","","R$ 0,31","R$ 0,75","","-R$ 6,88","R$ 5,75"
"Jose Maria Ferreira","","josemaria22staedwiges@gmail.com","Segunda-feira, 28 de Junho de 2021 às 16:52","9edcbd9a-350c-4feb-bcc5-320d3ffb6549","UberX","R$ 7,68","","","R$ 1,15","","-R$ 12,97","R$ 8,83"
"Jose Maria Ferreira","","josemaria22staedwiges@gmail.com","Segunda-feira, 28 de Junho de 2021 às 08:33","cbcafa4d-40dd-4192-9645-a77a148de3dc","UberX","R$ 6,15","","","R$ 0,92","","","R$ 7,07"
"Jose Maria Ferreira","","josemaria22staedwiges@gmail.com","Quarta-feira, 30 de Junho de 2021 às 13:58","9a88d333-9d17-4064-9968-9a8f21d6e585","UberX","R$ 5,74","","","R$ 0,86","","-R$ 7,33","R$ 6,60"
"Jose Maria Ferreira","","josemaria22staedwiges@gmail.com","Segunda-feira, 28 de Junho de 2021 às 16:10","55afb428-eb45-4ed6-8b00-a84834b6958c","UberX","R$ 5,00","","","R$ 0,75","","","R$ 5,75"
"Jose Maria Ferreira","","josemaria22staedwiges@gmail.com","Segunda-feira, 28 de Junho de 2021 às 16:23","cf618d22-f0b5-43ed-9c96-26b19d6cd4dc","UberX","R$ 5,00","","","R$ 0,75","","","R$ 5,75"
"Jose Maria Ferreira","","josemaria22staedwiges@gmail.com","Quarta-feira, 30 de Junho de 2021 às 15:45","1adbd0e9-bd68-46e3-a938-29d18c3e4713","UberX","R$ 7,64","","","R$ 1,15","","","R$ 8,79"
"Jose Maria Ferreira","","josemaria22staedwiges@gmail.com","Quarta-feira, 30 de Junho de 2021 às 12:30","68f9d0d8-f406-4b17-85a6-bfead31e7191","UberX","R$ 9,26","","","R$ 1,39","","-R$ 12,96","R$ 10,65"
"Jose Maria Ferreira","","josemaria22staedwiges@gmail.com","Terça-feira, 29 de Junho de 2021 às 12:25","188e5cea-85ce-4e60-9af0-8fcaa98311ee","UberX","R$ 5,00","","","R$ 0,75","","","R$ 5,75"
"Jose Maria Ferreira","","josemaria22staedwiges@gmail.com","Quarta-feira, 30 de Junho de 2021 às 15:29","e095c1eb-1ca6-4120-8736-db63adda5ebb","UberX","R$ 6,44","","","R$ 0,97","","-R$ 9,94","R$ 7,41"
"Jose Maria Ferreira","","josemaria22staedwiges@gmail.com","Segunda-feira, 28 de Junho de 2021 às 08:09","654d6301-b0d6-4a1d-b35d-d2fe7705e501","UberX","R$ 5,00","","","R$ 0,75","","","R$ 5,75"
"Jose Maria Ferreira","","josemaria22staedwiges@gmail.com","Segunda-feira, 28 de Junho de 2021 às 12:01","1e5dad20-488d-45bc-a94b-48819ed79e4f","UberX","R$ 9,06","","","R$ 1,36","","-R$ 12,97","R$ 10,42"
"Jose Maria Ferreira","","josemaria22staedwiges@gmail.com","Quarta-feira, 30 de Junho de 2021 às 13:25","e81d3818-b7e0-40ee-adeb-e05af8d25abb","UberX","R$ 8,33","","","","","","R$ 8,33"
"Jose Maria Ferreira","","josemaria22staedwiges@gmail.com","Quinta-feira, 1 de Julho de 2021 às 13:45","0259f71e-37a6-4d0d-aa2a-f5e362192061","UberX","R$ 14,57","","","R$ 2,19","","-R$ 18,62","R$ 16,76"
"Jose Maria Ferreira","","josemaria22staedwiges@gmail.com","Segunda-feira, 28 de Junho de 2021 às 16:35","cc5fa2be-6e04-453b-8ec3-a4ab588769bc","UberX","R$ 7,01","","","R$ 1,05","","-R$ 11,91","R$ 8,06"
"Jose Maria Ferreira","","josemaria22staedwiges@gmail.com","Segunda-feira, 28 de Junho de 2021 às 15:35","2b1c8210-3041-4c13-94cc-477c798de145","UberX","R$ 5,07","","","R$ 0,76","","-R$ 7,09","R$ 5,83"
"Jose Maria Ferreira","","josemaria22staedwiges@gmail.com","Quarta-feira, 30 de Junho de 2021 às 14:23","12f6c7dc-670f-43d5-8e8c-8039897eff9c","UberX","R$ 6,36","","","R$ 0,95","","-R$ 7,76","R$ 7,31"
"Jose Maria Ferreira","","josemaria22staedwiges@gmail.com","Terça-feira, 29 de Junho de 2021 às 16:04","8169aa2a-f95e-4232-9987-a67bc985bad5","UberX","R$ 7,77","","","R$ 1,17","","-R$ 10,99","R$ 8,94"
"Jose Maria Ferreira","","josemaria22staedwiges@gmail.com","Segunda-feira, 28 de Junho de 2021 às 14:35","4cdc26ff-c0e3-44ae-b6f9-be44ea43048b","UberX","R$ 6,86","","","R$ 1,03","","","R$ 7,89"
"Jose Maria Ferreira","","josemaria22staedwiges@gmail.com","Quinta-feira, 1 de Julho de 2021 às 14:17","cc8a236e-3255-47d6-99d7-596dea1168c0","UberX","R$ 8,05","","","R$ 1,21","","-R$ 11,90","R$ 9,26"
"Jose Maria Ferreira","","josemaria22staedwiges@gmail.com","Quinta-feira, 1 de Julho de 2021 às 16:12","1f4688e6-6262-417c-80e1-a5595933e843","UberX","R$ 11,55","","","R$ 1,73","","-R$ 13,96","R$ 13,28"
"Jose Maria Ferreira","","josemaria22staedwiges@gmail.com","Segunda-feira, 28 de Junho de 2021 às 13:03","bc88f245-802d-4e60-a136-5eda023e94ad","UberX","R$ 5,00","","","R$ 0,75","","-R$ 7,49","R$ 5,75"
"Jose Maria Ferreira","","josemaria22staedwiges@gmail.com","Quarta-feira, 30 de Junho de 2021 às 11:50","5c8b9cb6-8fb0-4e24-8429-47b148c86643","UberX","R$ 5,54","","","R$ 0,83","","-R$ 6,18","R$ 6,37"
"Jose Maria Ferreira","","josemaria22staedwiges@gmail.com","Segunda-feira, 28 de Junho de 2021 às 14:26","14def369-ea0f-4cf9-b2f7-bfad3c5b3405","UberX","R$ 5,60","","","R$ 0,84","","","R$ 6,44"
"Jose Maria Ferreira","","josemaria22staedwiges@gmail.com","Quarta-feira, 30 de Junho de 2021 às 07:41","a08cd14b-8b07-45c4-a20f-88524dbdeac4","UberX","R$ 5,00","","","R$ 0,75","","-R$ 7,49","R$ 5,75"
"Jose Maria Ferreira","","josemaria22staedwiges@gmail.com","Segunda-feira, 28 de Junho de 2021 às 10:46","ed9a6308-5f10-4a10-b6a2-0769bc6fc6e0","UberX","R$ 5,00","","","R$ 0,75","","","R$ 5,75"
"Jose Maria Ferreira","","josemaria22staedwiges@gmail.com","Quinta-feira, 1 de Julho de 2021 às 15:30","5d48a1fc-963b-4b65-9839-cbd4cf0a3362","UberX","R$ 8,26","","","R$ 1,24","","","R$ 9,50"
"Jose Maria Ferreira","","josemaria22staedwiges@gmail.com","Quarta-feira, 30 de Junho de 2021 às 12:54","7cb23720-1d2f-4b4d-b923-406e8363a097","UberX","R$ 5,04","","","R$ 0,76","","-R$ 7,55","R$ 5,80"
"Jose Maria Ferreira","","josemaria22staedwiges@gmail.com","Quinta-feira, 1 de Julho de 2021 às 15:57","d0b170a5-d79b-485c-97a3-0206be3c552a","UberX","","R$ 3,67","","","","","R$ 3,67"
"Jose Maria Ferreira","","josemaria22staedwiges@gmail.com","Segunda-feira, 28 de Junho de 2021 às 07:32","45b91b20-34d4-46ec-bc4d-b30fb6f58515","UberX","R$ 10,67","","","R$ 1,60","","","R$ 12,27"
